page,index_on_page,filename,bytes,extension,sha256,is_duplicate,first_seen_as
1,1,page_001/2026SS_p001_001.png,1810,png,69d4695e0281bf784a6240cad786c117890c799f5e735aa3990cc2a340046848,no,
1,2,page_001/2026SS_p001_002.jpg,75863,jpg,4ec61341b9036b94b3e48582ca0295b05a73f8ee1989666ecd29ac5c60318b21,no,
2,1,page_002/2026SS_p002_001.jp2,564428,jp2,7e50b6b883ddfe2db0385a272388ca171e6cd08220d380159589f30f19a489c7,no,
2,2,page_002/2026SS_p002_002.png,1387,png,cde39a68fa155d1174a9b161cdd8e119a2039aa23e4f9dafe4de5ad81a5b85f7,no,
3,1,page_003/2026SS_p003_001.png,1387,png,cde39a68fa155d1174a9b161cdd8e119a2039aa23e4f9dafe4de5ad81a5b85f7,yes,page_002/2026SS_p002_002.png
3,2,page_003/2026SS_p003_002.png,1387,png,cde39a68fa155d1174a9b161cdd8e119a2039aa23e4f9dafe4de5ad81a5b85f7,yes,page_002/2026SS_p002_002.png
3,3,page_003/2026SS_p003_003.jpg,87193,jpg,9e52eae2d282149f4dbe3690122131509cc5d11daef259a712947625fa87a039,no,
3,4,page_003/2026SS_p003_004.jpg,5805,jpg,2aa26940c88982cb284fbf95a08fd365beccea82e45addf47c33732e17e960ad,no,
3,5,page_003/2026SS_p003_005.jpg,3236,jpg,92a4f74a033b3b15bb75f921bdba4c9cf5e1e7a63e2309ccb33f61617c457a97,no,
3,6,page_003/2026SS_p003_006.jpg,2826,jpg,50c828f8cd994c02a1226bbb0c7be943282c01036a74decb3b43fffc186b146e,no,
3,7,page_003/2026SS_p003_007.jpg,2699,jpg,6ec4134191febde1cb204cba526dd5f049584051212615883166b9b7d89f47d2,no,
3,8,page_003/2026SS_p003_008.jpg,3728,jpg,77799276d980feb796faddd6fea2f844c4cf0c3d3293ad948d602a7b2ab07a1c,no,
3,9,page_003/2026SS_p003_009.jpg,3822,jpg,59c995d690a4b125eb5e466b42c431ec652cce8feab4d42d5de0474cf727195b,no,
3,10,page_003/2026SS_p003_010.jpg,3178,jpg,54b352fca5309c2a110ac6dce18b6725e0e8a63340e5b928ae315907abd102c0,no,
3,11,page_003/2026SS_p003_011.jpg,3204,jpg,029799a0cff5c372ea85cbf29802903fd64edf2af612405b70a6bf9192653457,no,
3,12,page_003/2026SS_p003_012.jpg,2932,jpg,21d871f02ae7e57842139d1d2c0918bc12765a7dbada36c972d7beee53548fbd,no,
3,13,page_003/2026SS_p003_013.jpg,3487,jpg,4718e54369313fd437dd904905064da0485f8c0c64f7c4bcbda91e77f62f0c53,no,
4,1,page_004/2026SS_p004_001.png,1387,png,cde39a68fa155d1174a9b161cdd8e119a2039aa23e4f9dafe4de5ad81a5b85f7,yes,page_002/2026SS_p002_002.png
4,2,page_004/2026SS_p004_002.png,1387,png,cde39a68fa155d1174a9b161cdd8e119a2039aa23e4f9dafe4de5ad81a5b85f7,yes,page_002/2026SS_p002_002.png
4,3,page_004/2026SS_p004_003.jpg,66070,jpg,1c73d30791b36420da5fc474cc780e76396c19471e6c52318bb542d6944104d0,no,
4,4,page_004/2026SS_p004_004.jpg,6835,jpg,3f5401bd4f7c1a43a760fabbf2437934182aefe3038d95d15806fac4c738e716,no,
4,5,page_004/2026SS_p004_005.jpg,3829,jpg,c7bc4082594f62a3fe43fc9c620aed0d61b7b894168bd7a7ec855278ec264855,no,
4,6,page_004/2026SS_p004_006.jpg,3836,jpg,88f81874b911c4b7f2ffea4ad1946d2035b753e73bb6e4f3371a3ff62eeb4f13,no,
4,7,page_004/2026SS_p004_007.jpg,4159,jpg,37a90db8b96e01464c2ba3637fee09bb3e6dcb8244b49210f58be4a3e9d4e71c,no,
4,8,page_004/2026SS_p004_008.jpg,4720,jpg,0d8f1ef850f284d60585c275f002611c8a94ecd672aa8142269c2fa19a73bc83,no,
4,9,page_004/2026SS_p004_009.jpg,4401,jpg,84b6a0311b0721fe8b5885e971955d73a3395d3ea2a7a48d2bdd3b13e5286141,no,
4,10,page_004/2026SS_p004_010.jpg,6199,jpg,14d208fc63455c3de47b85b4cbf6ec321f82e895ff02b3cb2e0166b765db61de,no,
5,1,page_005/2026SS_p005_001.png,1387,png,cde39a68fa155d1174a9b161cdd8e119a2039aa23e4f9dafe4de5ad81a5b85f7,yes,page_002/2026SS_p002_002.png
5,2,page_005/2026SS_p005_002.png,1387,png,cde39a68fa155d1174a9b161cdd8e119a2039aa23e4f9dafe4de5ad81a5b85f7,yes,page_002/2026SS_p002_002.png
5,3,page_005/2026SS_p005_003.jpg,6096,jpg,5e6371be761066936e0af1becf4c23b9bdfd120a02ed25b47f3aec45fd071815,no,
5,4,page_005/2026SS_p005_004.jpg,6189,jpg,6d2f2247f5c51b0cc9e6da41fe75a5b5bb8fd970dcbf6b6707c2a35648c46f37,no,
5,5,page_005/2026SS_p005_005.jpg,5697,jpg,dc094e6a8f0660c6fa6f50a9284f518fcfd746b35ddfff3f720c646f36064611,no,
5,6,page_005/2026SS_p005_006.jpg,3894,jpg,e5d5cf6cffa8eef53063e88a5c215dea210f03cbf95f1b0422ef78814d8c1208,no,
5,7,page_005/2026SS_p005_007.jpg,118838,jpg,7983290e722b15ce02bc970f4402df675c0ef7905d3b6a902c4236c29663bbd6,no,
5,8,page_005/2026SS_p005_008.jpg,3728,jpg,3618472646c744d99e4597418409fa220fe65317a9a558a1da8f96fb3c73a30d,no,
5,9,page_005/2026SS_p005_009.jpg,4017,jpg,3b2fdb023a57158f35a59500606b60c78e31c217f665c8b845bac41845bb7885,no,
6,1,page_006/2026SS_p006_001.png,1387,png,cde39a68fa155d1174a9b161cdd8e119a2039aa23e4f9dafe4de5ad81a5b85f7,yes,page_002/2026SS_p002_002.png
6,2,page_006/2026SS_p006_002.png,1387,png,cde39a68fa155d1174a9b161cdd8e119a2039aa23e4f9dafe4de5ad81a5b85f7,yes,page_002/2026SS_p002_002.png
6,3,page_006/2026SS_p006_003.jpg,129319,jpg,b0324c5926a5295b5b53d7474db08c4ea3af022d13b4b62a74de9cd3063cb910,no,
6,4,page_006/2026SS_p006_004.jpg,12387,jpg,501f3c2388054bec398b9b09557fbe089917f2776949dd0194c5b8cea3f143b8,no,
6,5,page_006/2026SS_p006_005.jpg,9903,jpg,50039a8a047bcaa299d19533a8987f358206020782776c083effc5dfec92db77,no,
6,6,page_006/2026SS_p006_006.jpg,19958,jpg,ff763696e4aaffa714e652243634ed11b3ceb69f7b811033cd83253a55575489,no,
6,7,page_006/2026SS_p006_007.jpg,6820,jpg,37b56dd8053d3bff1290b4aa1980674f01d3e3132c13e0e748ec3acbb7be38c0,no,
7,1,page_007/2026SS_p007_001.png,1387,png,cde39a68fa155d1174a9b161cdd8e119a2039aa23e4f9dafe4de5ad81a5b85f7,yes,page_002/2026SS_p002_002.png
7,2,page_007/2026SS_p007_002.png,1387,png,cde39a68fa155d1174a9b161cdd8e119a2039aa23e4f9dafe4de5ad81a5b85f7,yes,page_002/2026SS_p002_002.png
7,3,page_007/2026SS_p007_003.jpg,184498,jpg,aeb2e62823e095a872ed3486d498c103be3f374c4cf9c498a7f60f8715c9737f,no,
7,4,page_007/2026SS_p007_004.jpg,138265,jpg,eea8d0fb2d3b3b30c1148b7af06fc73b261bec4c36f679ff0feba9e5bbb60d65,no,
8,1,page_008/2026SS_p008_001.png,1387,png,cde39a68fa155d1174a9b161cdd8e119a2039aa23e4f9dafe4de5ad81a5b85f7,yes,page_002/2026SS_p002_002.png
8,2,page_008/2026SS_p008_002.png,1387,png,cde39a68fa155d1174a9b161cdd8e119a2039aa23e4f9dafe4de5ad81a5b85f7,yes,page_002/2026SS_p002_002.png
8,3,page_008/2026SS_p008_003.jpg,87275,jpg,1573ea7d96aed34ae8b2d11335137fb09a989e0f5cd5887d46a648604cbbbc3e,no,
8,4,page_008/2026SS_p008_004.jpg,7706,jpg,0e5162a93480cea8b8ed30b62797955b076f072ebe309da8c4c40fad45418de9,no,
8,5,page_008/2026SS_p008_005.jpg,26852,jpg,43f158334737da0f00d75810da17aafb51d5cba892ce1d994498823011b07da5,no,
8,6,page_008/2026SS_p008_006.jpg,18658,jpg,e329bf6bfdfc9df48358a9256a6c5bb10410835d7df9029f50832699111e821a,no,
9,1,page_009/2026SS_p009_001.png,1387,png,cde39a68fa155d1174a9b161cdd8e119a2039aa23e4f9dafe4de5ad81a5b85f7,yes,page_002/2026SS_p002_002.png
9,2,page_009/2026SS_p009_002.png,1387,png,cde39a68fa155d1174a9b161cdd8e119a2039aa23e4f9dafe4de5ad81a5b85f7,yes,page_002/2026SS_p002_002.png
9,3,page_009/2026SS_p009_003.png,1387,png,cde39a68fa155d1174a9b161cdd8e119a2039aa23e4f9dafe4de5ad81a5b85f7,yes,page_002/2026SS_p002_002.png
9,4,page_009/2026SS_p009_004.jpg,72343,jpg,e6656e770896669a91d86fb4cf07002ed3dafa54f28d64c8ff165d4e95a1da94,no,
9,5,page_009/2026SS_p009_005.jpg,64804,jpg,17244adc576c09b87930eec8f347675b83772c9457ebade7a343dc89e749ea04,no,
9,6,page_009/2026SS_p009_006.jpg,6596,jpg,cf9d88aa95384a7c8cc56c2e6a4e2ba2cef6d51ad5691bb2a7cedd1b33676c75,no,
10,1,page_010/2026SS_p010_001.png,1387,png,cde39a68fa155d1174a9b161cdd8e119a2039aa23e4f9dafe4de5ad81a5b85f7,yes,page_002/2026SS_p002_002.png
10,2,page_010/2026SS_p010_002.png,1387,png,cde39a68fa155d1174a9b161cdd8e119a2039aa23e4f9dafe4de5ad81a5b85f7,yes,page_002/2026SS_p002_002.png
10,3,page_010/2026SS_p010_003.png,123481,png,2a540a2eab87d088eda708467e58590d4af3b5724f021a40cc9834982ebf5e1f,no,
10,4,page_010/2026SS_p010_004.jpg,21354,jpg,23cf119c4d31ae9a265c8b1825c9e4b7f30ea12d2448cfaa777a4f1b6ce98faf,no,
10,5,page_010/2026SS_p010_005.jpg,84712,jpg,3bb0af07e9ca9a7e20e42b3696a4468313d8a790b4284a21c090191878a6d536,no,
11,1,page_011/2026SS_p011_001.png,1387,png,cde39a68fa155d1174a9b161cdd8e119a2039aa23e4f9dafe4de5ad81a5b85f7,yes,page_002/2026SS_p002_002.png
11,2,page_011/2026SS_p011_002.png,1387,png,cde39a68fa155d1174a9b161cdd8e119a2039aa23e4f9dafe4de5ad81a5b85f7,yes,page_002/2026SS_p002_002.png
11,3,page_011/2026SS_p011_003.jpg,101757,jpg,47a79a65abddf8a52b24bb8085127d686531fd443b5154c8f30e4432b042ec80,no,
11,4,page_011/2026SS_p011_004.jpg,20159,jpg,9c2ea5911102877c7663c7f7184822601e841abfabded6960de5e9886fde8de0,no,
11,5,page_011/2026SS_p011_005.jpg,13299,jpg,fb815d04383d5e86a30979d2fd5fb92bf43561e934e34c4913f943318263f134,no,
11,6,page_011/2026SS_p011_006.jpg,14604,jpg,109ba6a091c943af3a5ae7851176626e92f2c3d65cc97916c2cb814009208eaa,no,
12,1,page_012/2026SS_p012_001.png,1387,png,cde39a68fa155d1174a9b161cdd8e119a2039aa23e4f9dafe4de5ad81a5b85f7,yes,page_002/2026SS_p002_002.png
12,2,page_012/2026SS_p012_002.png,1387,png,cde39a68fa155d1174a9b161cdd8e119a2039aa23e4f9dafe4de5ad81a5b85f7,yes,page_002/2026SS_p002_002.png
12,3,page_012/2026SS_p012_003.png,25538,png,42e910b22a741015be56a3a66dd276975926c492ebafa079a23a23520bfe016c,no,
12,4,page_012/2026SS_p012_004.jp2,50811,jp2,ea7fbb2202b43818c23faf5b74e779033c761da154d5c04d873543d75202a45a,no,
12,5,page_012/2026SS_p012_005.jpg,3194,jpg,b477890721ed9752331c28b55ff04006105af686c52a0deccf42d9b0c72af501,no,
12,6,page_012/2026SS_p012_006.jpg,3949,jpg,091b25a017cdebfd471f45ba2dea329e12744084fdc4bd10715742e34f63f8ec,no,
12,7,page_012/2026SS_p012_007.jpg,3446,jpg,aafadcc192f60e5cd4fb97f69ec0cfe26e9a812178a0d0a09cedf9fb189fd166,no,
12,8,page_012/2026SS_p012_008.jpg,2672,jpg,d3621e206f5a2655273d7396008757713cfcb2cf500f0f5308ec822643296352,no,
12,9,page_012/2026SS_p012_009.jpg,2828,jpg,7359fafda42490b44dadc7b630569e00cb82feee495143d403b7bdaaaf8e5183,no,
12,10,page_012/2026SS_p012_010.jpg,4271,jpg,623c7ba61cc3d3884079dcc7965dd02d40770eaefeeb1134a4146d59be7e6d02,no,
12,11,page_012/2026SS_p012_011.jpg,23951,jpg,603552193fd042a88664d651e9b74a20a2ba154b83f2cbb5ee46b2057a074491,no,
12,12,page_012/2026SS_p012_012.jpg,73377,jpg,c597b01d084a75e8d7d694110ca4c1042613b432bbb44b6f9ab385b5d280cd10,no,
13,1,page_013/2026SS_p013_001.png,1387,png,cde39a68fa155d1174a9b161cdd8e119a2039aa23e4f9dafe4de5ad81a5b85f7,yes,page_002/2026SS_p002_002.png
13,2,page_013/2026SS_p013_002.png,1387,png,cde39a68fa155d1174a9b161cdd8e119a2039aa23e4f9dafe4de5ad81a5b85f7,yes,page_002/2026SS_p002_002.png
13,3,page_013/2026SS_p013_003.jpg,5149,jpg,c7490e6778b0918f3441e6a20b2686ec4c1aac98edaa760a86286a62a95d1c44,no,
13,4,page_013/2026SS_p013_004.jpg,3820,jpg,442fa8b763ace0e5da7047252ee452902e98a5ed56973474cedea0e85a3de268,no,
13,5,page_013/2026SS_p013_005.jpg,5783,jpg,bc4ea7a25802051290be52f87e2845b3cca798b484f3b07028afda1ba1067b01,no,
13,6,page_013/2026SS_p013_006.jpg,4068,jpg,fc51181fcb63e7f1e66746aa7ee235e19c557c1e43df88d1442ae318bcf2c7e0,no,
13,7,page_013/2026SS_p013_007.jpg,5962,jpg,efe4702395082eb9d8b0bb7033b062c6c94cdad9b09cb3b75aa0a9b2e35a0f70,no,
13,8,page_013/2026SS_p013_008.jpg,6027,jpg,58feb9dace9cc113b2621abae2a6bdabac6f722b73f87fb4e3260a0cf6fdf8b9,no,
13,9,page_013/2026SS_p013_009.jpg,4457,jpg,431511fc45893b4bbae47aa3adbc8b1242cf4817e2ca96ed2014a7963d663c4e,no,
13,10,page_013/2026SS_p013_010.jpg,25739,jpg,f5b2ad9d6e38dd54d71713a83ade89e496d3be0baba79205df3d485fad0456e5,no,
13,11,page_013/2026SS_p013_011.jpg,23097,jpg,411463341714d3868a3a31de210a737d43e3f1ab5cdfbc790d996879e5acc374,no,
13,12,page_013/2026SS_p013_012.jpg,19683,jpg,d85df5b7bcc30f5c2663acaf348c0894d99e6aec51419eea0fcf7c6fbb7a7abb,no,
13,13,page_013/2026SS_p013_013.jpg,4022,jpg,8d06fb57e4dde0e4dc6cd90b3df6abd912c89db1294c588284afb532ceaaa034,no,
13,14,page_013/2026SS_p013_014.jpg,4552,jpg,3a36725cd1ee013336f13ff96aa3db142a233f9c3cc17226b68a276e9ece1e58,no,
13,15,page_013/2026SS_p013_015.jpg,4341,jpg,7a0c6256da788341120395cb7f15bb90c86072bbf4e82dad2e9cc3fec532311a,no,
13,16,page_013/2026SS_p013_016.jpg,6360,jpg,d6e6eab65bf7b982daca8f5e60b5d38713e63201e5cc700e8f34e7dcfff2fd47,no,
13,17,page_013/2026SS_p013_017.jpg,6069,jpg,ef6c1a0b2db0e3b06ce28f2e7209fc938c3f5ef285db294f9a7306a3cd2542a9,no,
13,18,page_013/2026SS_p013_018.jpg,5039,jpg,8c866b188de330190fd2ab9d4b33fb2cc8ecf13a1c79bb56550122dc3c21c11f,no,
13,19,page_013/2026SS_p013_019.jpg,6178,jpg,6c83d185f6e35a9fcbfaa7633d021e48a4dc34bae7cf64f162d56da84327fcb8,no,
13,20,page_013/2026SS_p013_020.jpg,5075,jpg,621b2c8def79dbc5ccf2760bf0417d63532997629ad97ce1edd1268f3fa1ec9e,no,
14,1,page_014/2026SS_p014_001.png,1387,png,cde39a68fa155d1174a9b161cdd8e119a2039aa23e4f9dafe4de5ad81a5b85f7,yes,page_002/2026SS_p002_002.png
14,2,page_014/2026SS_p014_002.png,1387,png,cde39a68fa155d1174a9b161cdd8e119a2039aa23e4f9dafe4de5ad81a5b85f7,yes,page_002/2026SS_p002_002.png
14,3,page_014/2026SS_p014_003.jp2,54206,jp2,f2df549e7fc21ed563fba4f81e5d959cb3eb4716a3cb8bbcaaaec8fcfd15ecb2,no,
14,4,page_014/2026SS_p014_004.jpg,4819,jpg,2170e8cddf77be8fb19898ac5f240745f37b094c095537eaa28a1bd193c7781f,no,
14,5,page_014/2026SS_p014_005.jpg,9343,jpg,9ac0b4266163650360383fd48a81ce0dcfc0832571aa1fdc7901a8a8bc6ecb6b,no,
14,6,page_014/2026SS_p014_006.jpg,7378,jpg,725463663c2002888d24f090d517e58c0efd433a293fc48be5396065b0fc163a,no,
14,7,page_014/2026SS_p014_007.jpg,8664,jpg,a69260d6d66c232e722b0243e7f0b2cac3ba88f26cf77a957f84d059fdcd9533,no,
14,8,page_014/2026SS_p014_008.jpg,5263,jpg,7c4e7d4da6eb453d84b32fd06e84ed411c22a6659ea7aad37fe228fef6db2992,no,
14,9,page_014/2026SS_p014_009.jpg,5831,jpg,89ecaa314162a744c56bf62b98c7ccfcdf0c767e2a6adae638a9549ef72e8efa,no,
14,10,page_014/2026SS_p014_010.jpg,6442,jpg,30bed04a80dc8830701fa14c73ff3566052969dc6d884c97caa04145a90c39c0,no,
14,11,page_014/2026SS_p014_011.jpg,8566,jpg,d6a376c77856daa4e05488cf05f6775037bac21d547530360969fbff71bc5c23,no,
14,12,page_014/2026SS_p014_012.jpg,79619,jpg,8248e25affb9ef56921487a62dd3534f5c5a714ab12610aab76e38f5cb738a73,no,
15,1,page_015/2026SS_p015_001.png,1387,png,cde39a68fa155d1174a9b161cdd8e119a2039aa23e4f9dafe4de5ad81a5b85f7,yes,page_002/2026SS_p002_002.png
15,2,page_015/2026SS_p015_002.png,1387,png,cde39a68fa155d1174a9b161cdd8e119a2039aa23e4f9dafe4de5ad81a5b85f7,yes,page_002/2026SS_p002_002.png
15,3,page_015/2026SS_p015_003.jpg,40158,jpg,b282c7c59feef72309358ce197748d4c27be0b601df5d5fce9358258b3e28e8a,no,
15,4,page_015/2026SS_p015_004.jpg,83394,jpg,7a90a16f6faa4f3bd95f7624677a900a9307a72ebe46d3ae7ed883ec92ec4a0e,no,
15,5,page_015/2026SS_p015_005.jpg,22734,jpg,6e8fc013c793211aa78b74bca1da2d7310e6788c443087537cbd3b8fb2f81707,no,
15,6,page_015/2026SS_p015_006.jpg,19943,jpg,1c68b28dc6dd12e0426f2a9b03ef8e02372659e4c156c0c93a1e9a80f65e9298,no,
15,7,page_015/2026SS_p015_007.jpg,26168,jpg,4637e2531e77b9291c1d66d2b9e5a8a31aa4b1ea3f18200179923625036bd0d3,no,
15,8,page_015/2026SS_p015_008.jpg,4442,jpg,862aea9aa1f2af2cad0a89ffd3bba31e3eeb1a7b636174270107f2e8662aed8d,no,
15,9,page_015/2026SS_p015_009.jpg,3078,jpg,025f82207df9412303ccaaa5eaa4c16f844e9b6b4f7d44800834a683b83cf59d,no,
15,10,page_015/2026SS_p015_010.jpg,4374,jpg,be3b42068b82c6ac2072c549e02e1dfba773915189ebf56dc23f4e490a9396a3,no,
15,11,page_015/2026SS_p015_011.jpg,69745,jpg,301a3ea66f7b797bc39aea75e96126e20d542afb6fce4fac283c0f32d48e48dc,no,
16,1,page_016/2026SS_p016_001.png,1387,png,cde39a68fa155d1174a9b161cdd8e119a2039aa23e4f9dafe4de5ad81a5b85f7,yes,page_002/2026SS_p002_002.png
16,2,page_016/2026SS_p016_002.png,1387,png,cde39a68fa155d1174a9b161cdd8e119a2039aa23e4f9dafe4de5ad81a5b85f7,yes,page_002/2026SS_p002_002.png
16,3,page_016/2026SS_p016_003.jpg,2820,jpg,04b7801a60678707342d5fee54acae858e7ac927d45d8684584cc62f80cc6fa4,no,
16,4,page_016/2026SS_p016_004.jpg,3960,jpg,25e55c31c4745d45a9a4e7b6f79d0cd1da453d67a3c4642b1c9b6474607707fb,no,
16,5,page_016/2026SS_p016_005.jpg,1403,jpg,623aa82e6c07682ea5281e795722e7d9b26b2dba537097d3b06a9dcd6b2c4fb4,no,
16,6,page_016/2026SS_p016_006.jpg,40716,jpg,422f80a12481b07a806d06b57dea00582ae2df99202f5b1f645f1d83c25cefad,no,
16,7,page_016/2026SS_p016_007.jpg,2475,jpg,223259139826eec30d86982fee5d80edd3e124e991de454d45bd130bbc2396a1,no,
16,8,page_016/2026SS_p016_008.jpg,4012,jpg,cd4bca824e13d32fdd454e21c14b2d55f89da3fdadccd52d231914ee79e20636,no,
16,9,page_016/2026SS_p016_009.jpg,3592,jpg,e2c440f757a956a5eb6d2a7c2f5d08159c4fd64c286df2b8e8ad14cb6a76408d,no,
16,10,page_016/2026SS_p016_010.jpg,6185,jpg,5a495dae2f11d8cba02108b3ecd0b5d442ae2229abd3884134558b55dc9012f4,no,
16,11,page_016/2026SS_p016_011.jpg,2354,jpg,91626fc54c558bacee8de9bfbeeab22caf6b4bcd7aa21593bd312b30f88fe421,no,
17,1,page_017/2026SS_p017_001.png,1387,png,cde39a68fa155d1174a9b161cdd8e119a2039aa23e4f9dafe4de5ad81a5b85f7,yes,page_002/2026SS_p002_002.png
17,2,page_017/2026SS_p017_002.png,1387,png,cde39a68fa155d1174a9b161cdd8e119a2039aa23e4f9dafe4de5ad81a5b85f7,yes,page_002/2026SS_p002_002.png
17,3,page_017/2026SS_p017_003.jpg,59252,jpg,614879d18c47d415804c2ff660180b585b87311faa4016415c970bfc66200173,no,
17,4,page_017/2026SS_p017_004.jp2,1845631,jp2,64b2b102e328fb709fe385239cd7a3644d03cfd4fad32797b89484f2987ac243,no,
17,5,page_017/2026SS_p017_005.jpg,51957,jpg,940f25ab7c804fd15d5e387eb238fb7280255d85a7f6fd2fb472f346e4fd4487,no,
18,1,page_018/2026SS_p018_001.png,1387,png,cde39a68fa155d1174a9b161cdd8e119a2039aa23e4f9dafe4de5ad81a5b85f7,yes,page_002/2026SS_p002_002.png
18,2,page_018/2026SS_p018_002.png,1387,png,cde39a68fa155d1174a9b161cdd8e119a2039aa23e4f9dafe4de5ad81a5b85f7,yes,page_002/2026SS_p002_002.png
18,3,page_018/2026SS_p018_003.jpg,45693,jpg,b98f82717e6131198c2f37690cf7e886857dc63847972599ec56ac0b78e39175,no,
18,4,page_018/2026SS_p018_004.jpg,5133,jpg,b10fedc1acd39bf8f52ce2f319ea803256ae159348ce7b9fd2cb857646271cfa,no,
18,5,page_018/2026SS_p018_005.jpg,10719,jpg,617c97c6b193e7a39bcc7767c640a17519d02cfb87b0302110d8d127d9a4cb9c,no,
18,6,page_018/2026SS_p018_006.jpg,10703,jpg,b7e7500354ddf24c8308baa7f41f37fd34dd82685c51c36bc703ca598059b897,no,
18,7,page_018/2026SS_p018_007.jpg,11183,jpg,20f45aead2e874f4c5e1168480b137400a486f0a501b0f087b75a743438a2180,no,
18,8,page_018/2026SS_p018_008.jpg,10855,jpg,834ab1ee0c61bbe311ba98272a989e8613f0e77827d6198957c5c22df46f626a,no,
18,9,page_018/2026SS_p018_009.jpg,6657,jpg,40e6801a77284ddc669f31661a7ca6a4c8ff208dfcf4541a57ff4647f72ed5f6,no,
18,10,page_018/2026SS_p018_010.jpg,9289,jpg,26c56277689b2d2a067b4af0b3e95b5c057043dbced00e31e3851a823e6ff557,no,
19,1,page_019/2026SS_p019_001.png,1387,png,cde39a68fa155d1174a9b161cdd8e119a2039aa23e4f9dafe4de5ad81a5b85f7,yes,page_002/2026SS_p002_002.png
19,2,page_019/2026SS_p019_002.png,1387,png,cde39a68fa155d1174a9b161cdd8e119a2039aa23e4f9dafe4de5ad81a5b85f7,yes,page_002/2026SS_p002_002.png
19,3,page_019/2026SS_p019_003.jp2,1246910,jp2,c2fe60a0b31e4ff7d870de1be6eff89725476d5b032ed3fc58b1254fa5b3d1d0,no,
19,4,page_019/2026SS_p019_004.jpg,4407,jpg,d407b679390ba55e1c62126a3bc31e0b1aafe1b9836972a4a99677c1d0464802,no,
19,5,page_019/2026SS_p019_005.jpg,4455,jpg,9d8393e8e82c560908e2099a2462b76be8734951f862724e8837387b447657d4,no,
19,6,page_019/2026SS_p019_006.jpg,4778,jpg,4770680a7fcd8dde89d0f905984a0d966ec805503d0dbfbf7db5c0f358b0fab0,no,
19,7,page_019/2026SS_p019_007.jpg,49259,jpg,6e11241afa49256ff5006581581a6b201d789ddf6d5650b9e0738104250fe312,no,
20,1,page_020/2026SS_p020_001.png,1387,png,cde39a68fa155d1174a9b161cdd8e119a2039aa23e4f9dafe4de5ad81a5b85f7,yes,page_002/2026SS_p002_002.png
20,2,page_020/2026SS_p020_002.png,1387,png,cde39a68fa155d1174a9b161cdd8e119a2039aa23e4f9dafe4de5ad81a5b85f7,yes,page_002/2026SS_p002_002.png
20,3,page_020/2026SS_p020_003.jpg,86851,jpg,74cdf8bd486bead6f1817fe5e4602e161dc6251ff50d399d333d98b1814313a6,no,
20,4,page_020/2026SS_p020_004.png,27057,png,461a8226c58656cf1288a4510ec44f9b4d1b345ca3fc4852c4344a0df7bbcf81,no,
20,5,page_020/2026SS_p020_005.jpg,11826,jpg,eafb6c0fcddba9ad427bd0516d202ac0479bb1926925c3131dabe04a74a64ae7,no,
20,6,page_020/2026SS_p020_006.jpg,15136,jpg,10ad169bdf2c78562000786fa157379d0e68fcf303ff9695d8742204bf0299ee,no,
20,7,page_020/2026SS_p020_007.jpg,14060,jpg,50134b6c0cec1caa1ce1504d7a5cf06c5a461efb336a4c575d999d8226e701fc,no,
20,8,page_020/2026SS_p020_008.jpg,12046,jpg,8c693ffdd348bb5b2ee194ef9cbf0a939d0c70ffdf594b13877fda0716281a73,no,
20,9,page_020/2026SS_p020_009.jpg,9181,jpg,de95e79a780211b5df8cee2022090a6ccd513c3147f772230f01f3ad2d19fc37,no,
21,1,page_021/2026SS_p021_001.png,1387,png,cde39a68fa155d1174a9b161cdd8e119a2039aa23e4f9dafe4de5ad81a5b85f7,yes,page_002/2026SS_p002_002.png
21,2,page_021/2026SS_p021_002.png,1387,png,cde39a68fa155d1174a9b161cdd8e119a2039aa23e4f9dafe4de5ad81a5b85f7,yes,page_002/2026SS_p002_002.png
21,3,page_021/2026SS_p021_003.jp2,585238,jp2,8de614f78471c5ac5bce09b2d818ee68a19a58064305a024db4c4ad7f923ed37,no,
21,4,page_021/2026SS_p021_004.png,20976,png,3d9b73da8f4cfcfb8b8a27a22c671fcb6bc81eadb41e75118c56c1d82d3a6f82,no,
21,5,page_021/2026SS_p021_005.jpg,7010,jpg,d60581f5602f6a11d63e863c6946e15e2c73208fe9ee7610c6bf219f8525917b,no,
21,6,page_021/2026SS_p021_006.png,39748,png,5273150058740f0b23a7e869c2226bec0e577c7916990c89ea6b79578c2c2385,no,
21,7,page_021/2026SS_p021_007.jpg,12284,jpg,e0dd951f669219f8b54436319c75ee8da812a9baa060551e599b2f7c12720ec0,no,
21,8,page_021/2026SS_p021_008.jpg,10456,jpg,16fe6bd3609e930b9013ff5131c5873ff9bea47ebfe820992fc4c734d2e7ecf0,no,
21,9,page_021/2026SS_p021_009.jpg,8440,jpg,4dcecd2fc84000718339bd1e7429339dc687507e9da07caa5593aac68ffcdcc8,no,
21,10,page_021/2026SS_p021_010.jpg,9679,jpg,b368ae2e039cadbed08fb03f3aee2afde76e72dce10ae7c0596365da78a4917e,no,
22,1,page_022/2026SS_p022_001.png,1387,png,cde39a68fa155d1174a9b161cdd8e119a2039aa23e4f9dafe4de5ad81a5b85f7,yes,page_002/2026SS_p002_002.png
22,2,page_022/2026SS_p022_002.png,1387,png,cde39a68fa155d1174a9b161cdd8e119a2039aa23e4f9dafe4de5ad81a5b85f7,yes,page_002/2026SS_p002_002.png
22,3,page_022/2026SS_p022_003.jpg,73116,jpg,650d49b0ffcf0860c8e02af2bc9a11fa96575cabcfb63fb81ada2bce48a15cc1,no,
22,4,page_022/2026SS_p022_004.jp2,109302,jp2,9360531fa536e1b53d988985ede165fc6cb683dce205cb46b6489092241c2466,no,
22,5,page_022/2026SS_p022_005.jp2,110740,jp2,46a5ffcb65312a2aeb6dd1eafab29ab1f95905571d2825d66423451919478e1e,no,
22,6,page_022/2026SS_p022_006.png,85992,png,c56b8b20e71ebea22a045a33ed654558ba5e4d91b0f609f8d7a6c33266a07cfd,no,
23,1,page_023/2026SS_p023_001.png,1387,png,cde39a68fa155d1174a9b161cdd8e119a2039aa23e4f9dafe4de5ad81a5b85f7,yes,page_002/2026SS_p002_002.png
23,2,page_023/2026SS_p023_002.jpg,71851,jpg,bdfda3bdade89a47f8779af8d96733232f3c07ecc7e84cd1071ff21f4e4c7414,no,
23,3,page_023/2026SS_p023_003.jpg,92840,jpg,bde91347cfa042d652c51459fe7e19acce7d81aab03c23f31737e578c220291a,no,
23,4,page_023/2026SS_p023_004.png,1387,png,cde39a68fa155d1174a9b161cdd8e119a2039aa23e4f9dafe4de5ad81a5b85f7,yes,page_002/2026SS_p002_002.png
24,1,page_024/2026SS_p024_001.png,1387,png,cde39a68fa155d1174a9b161cdd8e119a2039aa23e4f9dafe4de5ad81a5b85f7,yes,page_002/2026SS_p002_002.png
24,2,page_024/2026SS_p024_002.png,1387,png,cde39a68fa155d1174a9b161cdd8e119a2039aa23e4f9dafe4de5ad81a5b85f7,yes,page_002/2026SS_p002_002.png
24,3,page_024/2026SS_p024_003.jpg,92436,jpg,735d95e3943b536af79d3289231cf491014cec02eacc58fb0e3fd9b5b60d4358,no,
24,4,page_024/2026SS_p024_004.jpg,6989,jpg,a69ca4a5d2e2f2d5d66b21d4c10014988460259a2de06d6cf217de5090b0c828,no,
24,5,page_024/2026SS_p024_005.jpg,21923,jpg,45a77abe3fcf7b2fcd1d7f19669e76a340cc36335046c14232d6d8b3fcef9fd0,no,
24,6,page_024/2026SS_p024_006.jpg,15671,jpg,808d01d1d53a87e8334d70078317f4edefb0e872f36e9c6cb947c26a56af6c8f,no,
24,7,page_024/2026SS_p024_007.jpg,18237,jpg,48de6a48f8d5fb0e2616dfcefff55be7f6c67d9aaa08890489a8810e64628291,no,
25,1,page_025/2026SS_p025_001.png,1387,png,cde39a68fa155d1174a9b161cdd8e119a2039aa23e4f9dafe4de5ad81a5b85f7,yes,page_002/2026SS_p002_002.png
25,2,page_025/2026SS_p025_002.png,1387,png,cde39a68fa155d1174a9b161cdd8e119a2039aa23e4f9dafe4de5ad81a5b85f7,yes,page_002/2026SS_p002_002.png
25,3,page_025/2026SS_p025_003.png,730341,png,6f4ba7b5262ec5cb5375248089585b2a7dd7668a4d4f4a85957df1054ac3eba3,no,
25,4,page_025/2026SS_p025_004.jpg,2163,jpg,03a4d711d00dfd5d4ab05a0e1d03f12ef6b9dcb68edae163d8f6d578b00a6adc,no,
25,5,page_025/2026SS_p025_005.jp2,32748,jp2,ca1b1c1ad4c73473cfc359dac2c585eb3b3201333addae3fcbf7d96f96bcd7cf,no,
25,6,page_025/2026SS_p025_006.jp2,52705,jp2,141b384f9eb86ba4807c3a621f02cfcf4e6b6d294064cd44aa6e97510ba501b1,no,
25,7,page_025/2026SS_p025_007.jpg,6897,jpg,9d8d86efd9c6daf93880fd1c319f6327ef3cbe994854cedce445722cfbe1f52e,no,
25,8,page_025/2026SS_p025_008.jpg,4301,jpg,232f13c15873179df4dd9294a25b47adaea16b5e48558232fc9a0f9dddf99976,no,
25,9,page_025/2026SS_p025_009.jp2,49764,jp2,14378b1c93c06f14df0ebd4652e16400d66154474b830720ccc2051f00fe5c11,no,
25,10,page_025/2026SS_p025_010.jpg,7161,jpg,250057df9d4476d32759c0cb369cb31d8e10fa4eaf7cf0e7087a394b43183bee,no,
25,11,page_025/2026SS_p025_011.jpg,2697,jpg,a507a65796cad652be6735344d146047cd43c16ed6069776f5d3f1139d138782,no,
25,12,page_025/2026SS_p025_012.jpg,2600,jpg,376532f4562857c267482fd4521660df1b507fc609d6ac9fef1f538de2042e24,no,
